epoch,training_loss
1,0.3854475402832031
2,0.27729732513427735
